source_standard_id,target_standard_id,source_is,target_is,relation,clause,description
IS_2062,IS_808,IS 2062,IS 808,NORMATIVE_REF,Clause 2,Structural dimensions specified in IS 808
IS_2062,IS_1852,IS 2062,IS 1852,NORMATIVE_REF,Clause 2,Rolling tolerances specified in IS 1852
IS_2062,IS_8910,IS 2062,IS 8910,NORMATIVE_REF,Clause 2,Technical delivery conditions specified in IS 8910
IS_2062,IS_228_Part_1,IS 2062,IS 228 (Part 1),NORMATIVE_REF,Clause 2,Chemical composition testing per IS 228
IS_1786,IS_228_Part_1,IS 1786,IS 228 (Part 1),NORMATIVE_REF,Clause 2,Chemical analysis per IS 228
IS_1786,IS_2062,IS 1786,IS 2062,NORMATIVE_REF,Clause 2,Complementary structural steel provisions
IS_456,IS_1786,IS 456,IS 1786,NORMATIVE_REF,Clause 2,Reinforcement steel bars mandated by IS 456
IS_456,IS_269,IS 456,IS 269,NORMATIVE_REF,Clause 2,OPC cement provisions
IS_456,IS_383,IS 456,IS 383,NORMATIVE_REF,Clause 2,Aggregate specifications for concrete
IS_456,IS_1489_Part_1,IS 456,IS 1489 (Part 1),NORMATIVE_REF,Clause 2,Pozzolana cement specifications
IS_800,IS_2062,IS 800,IS 2062,NORMATIVE_REF,Clause 2,Structural steel grades mandated by IS 800
IS_800,IS_808,IS 800,IS 808,NORMATIVE_REF,Clause 2,Section dimensions mandated by IS 800
IS_10262,IS_456,IS 10262,IS 456,NORMATIVE_REF,Clause 2,Mix design compliance with IS 456
IS_10262,IS_383,IS 10262,IS 383,NORMATIVE_REF,Clause 2,Aggregate grading criteria for mix design
IS_13920,IS_456,IS 13920,IS 456,NORMATIVE_REF,Clause 2,Base concrete code of practice
IS_13920,IS_1786,IS 13920,IS 1786,NORMATIVE_REF,Clause 2,Ductile reinforcement steel bar provisions
IS_13920,IS_1893_Part_1,IS 13920,IS 1893 (Part 1),NORMATIVE_REF,Clause 2,Seismic loading parameters
IS_4984,IS_7328,IS 4984,IS 7328,NORMATIVE_REF,Clause 2,Raw material granules per IS 7328
IS_13252_Part_1,IS_616,IS 13252 (Part 1),IS 616,NORMATIVE_REF,Clause 2,Audio/video safety harmonized references
IS_13252_Part_1,IS_1293,IS 13252 (Part 1),IS 1293,NORMATIVE_REF,Clause 2,Power plug and cord safety conformity
IS_14286,IS_IEC_61730_Part_1,IS 14286,IS/IEC 61730 (Part 1),NORMATIVE_REF,Clause 2,PV module construction safety qualification
IS_2062,IS_1173,IS 2062,IS 1173,NORMATIVE_REF,Clause 2 Normative References Table,Hot rolled slit steel tee bars
IS_2062,IS_1956,IS 2062,IS 1956,NORMATIVE_REF,Clause 2 Normative References Table,(in various
IS_2062,IS_3803_Part_1,IS 2062,IS 3803 ((Part 1)),NORMATIVE_REF,Clause 2 Normative References Table,:
IS_2062,IS_12779,IS 2062,IS 12779,NORMATIVE_REF,Clause 2 Normative References Table,: 1989
IS_383,IS_383_1970,IS 383,IS 383 (1970),NORMATIVE_REF,Clause 2 Normative References,Specification for Coarse and Fine Aggregates
IS_13920,IS_1893,IS 13920,IS 1893,NORMATIVE_REF,Clause 2 Normative References Table,Criteria for earthquake design
IS_808,IS_1852,IS 808,IS 1852,NORMATIVE_REF,Clause 2 Normative References,The Indian Standard : 1985 'Rolled and
IS_800,IS_8,IS 800,IS 8,NORMATIVE_REF,Clause 2 Normative References,Q0 : 2007
IS_1893_Part_1,IS_456,IS 1893 (Part 1),IS 456,NORMATIVE_REF,Clause 2 Normative References Table,Code of practice for plain and
IS_1893_Part_1,IS_800,IS 1893 (Part 1),IS 800,NORMATIVE_REF,Clause 2 Normative References Table,Code of practice for general
IS_1893_Part_1,IS_875,IS 1893 (Part 1),IS 875,NORMATIVE_REF,Clause 2 Normative References Table,Code of practice for design loads
IS_1893_Part_1,IS_1343,IS 1893 (Part 1),IS 1343,NORMATIVE_REF,Clause 2 Normative References Table,Code of practice for pre-stressed
IS_1893_Part_1,IS_1498,IS 1893 (Part 1),IS 1498,NORMATIVE_REF,Clause 2 Normative References Table,Classification and identification of
IS_1893_Part_1,IS_1893_Part_4,IS 1893 (Part 1),IS 1893 ((Part 4)),NORMATIVE_REF,Clause 2 Normative References Table,Criteria for earthquake resistant
IS_1893_Part_1,IS_2809,IS 1893 (Part 1),IS 2809,NORMATIVE_REF,Clause 2 Normative References Table,Glossary of terms and symbols
IS_1893_Part_1,IS_2810,IS 1893 (Part 1),IS 2810,NORMATIVE_REF,Clause 2 Normative References Table,Glossary of terms relating to soil
IS_1893_Part_1,IS_4326,IS 1893 (Part 1),IS 4326,NORMATIVE_REF,Clause 2 Normative References Table,Earthquake resistant design and
IS_1893_Part_1,IS_13920,IS 1893 (Part 1),IS 13920,NORMATIVE_REF,Clause 2 Normative References Table,Ductile detailing of reinforced
IS_1893_Part_1,IS_13935,IS 1893 (Part 1),IS 13935,NORMATIVE_REF,Clause 2 Normative References Table,; 1993 Repair and seismic strengthening of
IS_432_Part_1,IS_432_Part_1,IS 432 (Part 1),IS 432 ((Part 1)),NORMATIVE_REF,Clause 2 Normative References,1982    SPECIFICATION  FOR
IS_432_Part_1,IS_is_1,IS 432 (Part 1),IS is 1,NORMATIVE_REF,Clause 2 Normative References,at  which  the  observed  increase  in  the  gauge  length  /200  of  the  gauge
IS_1293,IS_12063,IS 1293,IS 12063,NORMATIVE_REF,Clause 2 Normative References Table,Classification of degree of
IS_1293,IS_14340,IS 1293,IS 14340,NORMATIVE_REF,Clause 2 Normative References Table,Brass for current-carrying parts
IS_1293,IS_14772,IS 1293,IS 14772,NORMATIVE_REF,Clause 2 Normative References Table,General requirements for
IS_7098_Part_1,IS_7098,IS 7098 (Part 1),IS 7098,NORMATIVE_REF,Clause 2 Normative References,1  (1988) :  Crosslinked  polyethylene  insulated  PVC
IS_7098_Part_1,IS_7098_Part_1,IS 7098 (Part 1),IS 7098 ((Part 1)),NORMATIVE_REF,Clause 2 Normative References,1988    CROSSLINKED
IS_7098_Part_1,IS_3975,IS 7098 (Part 1),IS 3975,NORMATIVE_REF,Clause 2 Normative References,"requirements  of  : 1988,  excq>t  that  3.3.1  and  3.2JI,  shall  not  apply.'"
IS_7098_Part_1,IS_10810,IS 7098 (Part 1),IS 10810,NORMATIVE_REF,Clause 2 Normative References,Referenced in IS 7098 (Part 1) Clause 2
IS_7098_Part_1,IS_108,IS 7098 (Part 1),IS 108,NORMATIVE_REF,Clause 2 Normative References,Part  No.  of    JO.
IS_7098_Part_1,IS_397,IS 7098 (Part 1),IS 397,NORMATIVE_REF,Clause 2 Normative References,"**The  tolerance  on  nominal  dimensicms  shall  be  as  per  S :  1999.  However,"
IS_7098_Part_1,IS_4826,IS 7098 (Part 1),IS 4826,NORMATIVE_REF,Clause 2 Normative References,percent  of  the  mass  specified  in  Table  2  of    :  1979.
IS_7098_Part_1,IS_7098_Parti,IS 7098 (Part 1),IS 7098 (Parti),NORMATIVE_REF,Clause 2 Normative References,Referenced in IS 7098 (Part 1) Clause 2
IS_302_2_25,IS_302,IS 302-2-25,IS 302,NORMATIVE_REF,Clause 2 Normative References,2-25 (1994) : Safety of household and similar
IS_302_2_25,IS_11676,IS 302-2-25,IS 11676,NORMATIVE_REF,Clause 2 Normative References,requirement of safety and performance requirements are covered under -1986 Specifica-
IS_302_2_25,IS_2,IS 302-2-25,IS 2,NORMATIVE_REF,Clause 2 Normative References,off in accordance with  : 1960 'Rules for rounding off numerical values (revised)*. The
IS_302_2_25,IS_4159,IS 302-2-25,IS 4159,NORMATIVE_REF,Clause 2 Normative References,tion  : 1983 'Specification for mineral
IS_302_2_25,IS_is_27,IS 302-2-25,IS is 27,NORMATIVE_REF,Clause 2 Normative References,of the water  ± 2°C.
IS_13252_Part_1,IS_13252_Parti,IS 13252 (Part 1),IS 13252 (Parti),NORMATIVE_REF,Clause 2 Normative References,2010
IS_4984,IS_2530,IS 4984,IS 2530,NORMATIVE_REF,Clause 2 Normative References Table,: 1%3
IS_4984,IS_4905,IS 4984,IS 4905,NORMATIVE_REF,Clause 2 Normative References Table,: 1968
IS_4984,IS_9845,IS 4984,IS 9845,NORMATIVE_REF,Clause 2 Normative References Table,: 1986
IS_4984,IS_10141,IS 4984,IS 10141,NORMATIVE_REF,Clause 2 Normative References Table,: 1982
IS_4984,IS_10146,IS 4984,IS 10146,NORMATIVE_REF,Clause 2 Normative References Table,: 1982
IS_1554_Part_1,IS_1554,IS 1554 (Part 1),IS 1554,NORMATIVE_REF,Clause 2 Normative References,1  (1988)  :  PVC  insulated  (heavy  duty)  electric
IS_252,IS_265,IS 252,IS 265,NORMATIVE_REF,Clause 2 Normative References Table,: 1987
IS_252,IS_296,IS 252,IS 296,NORMATIVE_REF,Clause 2 Normative References Table,: 1986
IS_252,IS_323,IS 252,IS 323,NORMATIVE_REF,Clause 2 Normative References Table,: 1959
IS_252,IS_1070,IS 252,IS 1070,NORMATIVE_REF,Clause 2 Normative References Table,: 1977
IS_252,IS_1260,IS 252,IS 1260,NORMATIVE_REF,Clause 2 Normative References Table,Pictorial marking for handling
IS_252,IS_4264,IS 252,IS 4264,NORMATIVE_REF,Clause 2 Normative References Table,: 1967
IS_2925,IS_2925_1984,IS 2925,IS 2925 (1984),NORMATIVE_REF,Clause 2 Normative References,Specification  for  Industrial  Safety
IS_1417,IS_1418,IS 1417,IS 1418,NORMATIVE_REF,Clause 2 Normative References Table,"Assaying of gold in gold bullion,"
IS_1417,IS_2790,IS 1417,IS 2790,NORMATIVE_REF,Clause 2 Normative References Table,"Guidelines for manufacture of 23,"
IS_1417,IS_3095,IS 1417,IS 3095,NORMATIVE_REF,Clause 2 Normative References Table,Gold solders for use in manufacture
