ministry_id,name
Ministry_of_Steel,Ministry of Steel
Ministry_of_Electronics_and_Information_Technology_MeitY,Ministry of Electronics and Information Technology (MeitY)
Ministry_of_New_and_Renewable_Energy_MNRE,Ministry of New and Renewable Energy (MNRE)
Department_for_Promotion_of_Industry_and_Internal_Trade_DPIIT,Department for Promotion of Industry and Internal Trade (DPIIT)
Ministry_of_Chemicals_and_Petrochemicals,Ministry of Chemicals and Petrochemicals
Ministry_of_Heavy_Industries,Ministry of Heavy Industries
Ministry_of_Road_Transport_and_Highways,Ministry of Road Transport and Highways
Ministry_of_Consumer_Affairs_Food_and_Public_Distribution,"Ministry of Consumer Affairs, Food and Public Distribution"
Ministry_of_Road_Transport_and_Highways_MoRTH,Ministry of Road Transport and Highways (MoRTH)
Ministry_of_Petroleum_and_Natural_Gas,Ministry of Petroleum and Natural Gas
Ministry_of_Textiles,Ministry of Textiles
